"Timestamp","Name","Age:  ","Occupation / Field of Work:  ","Gender: ","How often do you follow Indian policy or political news?","What sources do you usually rely on? (Open-ended)","The interface of the summarization system was easy to use.
(1 - Strongly disagree to 5 - Strongly agree)","I was able to understand how to use the system without any guidance.","What did you find confusing or difficult while using the system?","The L1 summaries gave me a clear overview of the key policy issue.","The level of detail in the summaries was:","Do you feel any important perspectives were missing in the summaries? ","Did you learn anything new about the policy issue from the L1 summaries?","The L2 (detailed) summaries gave me a clear overview of the key policy issue.","The Summaries were interesting to read (story like)","Do you feel any important perspectives were missing in the summaries?","Did you learn anything new about the policy issue from the L2 summaries?","The Numeric summaries gave me a clear overview of the key policy issue.","The Summaries introduced me to the main issues around of the policy.","Did you learn anything new about the policy issue from the Numeric summaries? ","I found the summaries to be trustworthy.","The system appeared to be free from political bias.","If you noticed any bias, please describe it.","Compared to reading a full news article, the L1 summaries:
","I would prefer using this system over scrolling through multiple news articles","I would use this system regularly to stay updated on Indian policy.
","I would recommend this system to others.","What features would you like to see added or improved?"
"2025/04/19 2:07:10 PM GMT+5:30","Suvadip Ghosh","35–44","Software Engineer ","Male","Daily","News paper, Youtube Channel, TV News","1","Agree","So as such difficultly I have faced, it is displaying articles or summary in very organized way.","Strongly Agree","Just right","Summarise are very specific and to the point hence i feel its clear and concise.","Yes","Agree","Strongly Agree","The summaries seemed comprehensive and balanced, covering the main arguments and perspective.","Yes","Agree","Strongly Agree","Yes","Agree","Agree","No, I didn’t notice any clear bias. The summary appeared objective and presented the information in a balanced way, giving fair attention to different perspectives.","Saved me time;Were easier to understand;Were more engaging","Agree","Agree","Strongly Disagree","It would be interesting to include the impact of each policy change on ordinary people throughout the timeline."
"2025/04/19 3:07:50 PM GMT+5:30","Tapas Kumar Sen","44+","Retired Central Govt Officer","Male","Daily","Print Media & Electronic Media ","5","Strongly Agree","No confusion and ambiguity","Agree","Just right","Impact and outcome of any policy should be  highlighted.","Yes","Agree","Agree","Experts' comment on the policy should be mentioned in the detailed summary. ","Yes","Strongly Agree","Strongly Agree","Yes","Strongly Agree","Strongly Agree","Not yet.","Were more engaging","Strongly agree","Strongly agree","Strongly Agree","Already mentioned in previous slot."
"2025/04/19 3:28:15 PM GMT+5:30","Edees Nasrullah Dar","18–24","Software Developer ","Male","Daily","Youtube ","4","Agree","Nothing ","Agree","Just right","No","Yes","Agree","Agree","No","Yes","Agree","Agree","Yes","Agree","Agree","","Saved me time;Were easier to understand","Strongly agree","Neutral","Neutral",""
"2025/04/19 4:38:14 PM GMT+5:30","Pratham ","18–24","Student ","Male","Occasionally","","4","Agree","","Agree","Just right","No","Yes","Agree","Agree","No","Yes","Agree","Agree","Yes","Agree","Agree","","Were easier to understand;Were more engaging","Agree","Agree","Agree",""
"2025/04/19 6:43:23 PM GMT+5:30","Indrabati Sarkar ","25–34","Marketing Communication ","Female","Daily","Social media channels and google news","4","Agree","That I have to choose a subtopic to move forward was not mentioned anywhere. I chose a topic from the dropdown menu and was waiting for the page to load on to the given topic. ","Agree","Too little","I think the keyplayers should be mentioned in L2 as in the decision makers and stakeholders. ","Yes","Agree","Agree","I think it can be a little more lengthy. I would like to suggest that L2 summaries can have 2-3 variations depending on reading time and readers can choose according to their time availability.","Yes","Neutral","Neutral","Yes","Agree","Neutral","I don't know if it was the selected topic because I read about union budget but it sounded a little anti-government. May be it was the language because we are used to more bland language in news. ","Saved me time","Agree","Agree","Strongly Agree","I have mentioned earlier. Option for reading time for L2. Numeric summaries need a little context. "
"2025/04/19 8:10:17 PM GMT+5:30","Sanya","25–34","Engineer","Female","Weekly","","3","Strongly Agree","It would be nice to have categories of articles on the left pane and the content in the center the way it is now, I want to have the ability to switch between different categories without having to start at top.","Agree","Just right","Timelines","Yes","Agree","Neutral","Infographics can make them better","Yes","Agree","Agree","Yes","Neutral","Neutral","Information on writers & any possible references helps","Saved me time","Neutral","Neutral","Agree",""
"2025/04/19 9:44:31 PM GMT+5:30","Siddhartha Nath ","35–44","Entrepreneur ","Male","Weekly","Newspaper ","4","Strongly Agree","Nothing","Strongly Agree","Just right","No","Yes","Agree","Strongly Agree","No","Yes","Agree","Strongly Agree","Yes","Agree","Strongly Agree","No","Saved me time;Were easier to understand","Agree","Strongly agree","Strongly Agree","I would like to have a feature where the benefits of the policy changes are discussed with data."
"2025/04/19 9:59:03 PM GMT+5:30","Shuvo Saha Roy","25–34","PhD Student ","Male","Occasionally","YouTube ","5","Agree","","Agree","Just right","NA","Yes","Agree","Neutral","NA","No","Strongly Agree","Neutral","Yes","Neutral","Neutral","There was no references.  ","Saved me time;Were easier to understand","Strongly agree","Agree","Agree",""
"2025/04/19 10:40:55 PM GMT+5:30","Usha Kiran Chowdhury","44+","Auditing of public sector","Male","Daily","Newspaper, TVNews, online information","5","Strongly Agree","Nothing","Strongly Agree","Just right","No","Yes","Strongly Agree","Strongly Agree","No","Yes","Strongly Agree","Strongly Agree","Yes","Strongly Agree","Strongly Agree","","Saved me time","Strongly agree","Strongly agree","Strongly Agree","Regular updating"
"2025/04/20 10:12:57 AM GMT+5:30","santosh","25–34","Lecturer","Male","Rarely","Youtube news","4","Agree","Not at all","Neutral","Just right","Little more ","Yes","Agree","Agree","Not much","No","Agree","Agree","Yes","Agree","Agree","","Saved me time;Were easier to understand;Were more engaging","Agree","Agree","Agree",""
"2025/04/20 1:44:00 PM GMT+5:30","Samit","44+","Retired Govt  Dervan3","Male","Occasionally","Budget Speech. News channel","5","Agree","No","Agree","Just right","Proving rations free of cost to weeker section","No","Agree","Agree","Fallout of the policy Make in India  project not fully successful India","Yes","Agree","Agree","No","Agree","Agree","Unbiased view","Saved me time","Disagree","Agree","Agree","Policies need be copared with execution."
"2025/04/20 3:29:34 PM GMT+5:30","Naima Nasrullah Dar","18–24","Student","Female","Occasionally","Social Media, YouTube","5","Agree","Nothing","Agree","Just right","Not really","Yes","Agree","Strongly Disagree","No","Yes","Strongly Agree","Agree","Yes","Agree","Agree","","Were easier to understand","Agree","Agree","Agree",""
"2025/04/20 6:41:41 PM GMT+5:30","Nabiullah ","25–34","Economics ","Male","Rarely","","1","Strongly Disagree","","Neutral","Too much","No","Yes","Strongly Agree","Agree","No","Yes","Agree","Neutral","No","Disagree","Agree","","Saved me time","Disagree","Agree","Strongly Agree",""
"2025/04/20 11:10:56 PM GMT+5:30","Fizza Suhel","25–34","PhD student","Female","Daily","Digital media","5","Strongly Agree","","Agree","Just right","Im not aware of all the issues so i cant comment what was missing","Yes","Agree","Agree","Im not sure","Yes","Neutral","Neutral","No","Agree","Neutral","Im not aware of how you came up with the summary. Some transperancy will be good.","Saved me time","Neutral","Disagree","Neutral","Sources. I couldnt figure out where numerical summary was."
"2025/04/21 8:44:52 AM GMT+5:30","Shivam Panwar","25–34","Data science","Male","Daily","Newspapers","4","Agree","If we could support the points with certain sources as well, that would instill more confidence","Agree","Just right","Summaries seems to cover all the points.","Yes","Agree","Agree","No","Yes","Agree","Agree","Yes","Neutral","Neutral","Some of the news seemed pro-farmers.","Saved me time","Agree","Agree","Agree","Citation or references."
"2025/04/21 4:15:56 PM GMT+5:30","Ankit","18–24","M.Tech Researcher","Male","Weekly","Online News from verified sources like NDTV, etc. Others based on general discussion","4","Strongly Agree","System is easy to use, but few things can be done better like loading the page & don't go to top whenever you click on any sub-headings. L2 summary leads to new page, I would prefer if it opens on the same page.","Agree","Just right","No","Yes","Strongly Agree","Neutral","No","Yes","Agree","Agree","Yes","Agree","Neutral","No","Were easier to understand","Agree","Agree","Agree","Numeric summaries can be loaded on the same page, instead of loading a new page each time. same with the case of L2 summaries. UI can be more smooth in terms of loading L1 summaries. All the other details were fine. The colour gradient is a bit dull for the background, either keep it white or something which cause distraction."
"2025/04/25 1:47:33 PM GMT+5:30","Debasmita Saha","25–34","Marketing","Female","Weekly","News Articles Independent Journalism","5","Agree","Was easy to understand ","Agree","Just right","NA","Yes","Agree","Agree","NA","Yes","Agree","Agree","Yes","Strongly Agree","Strongly Agree","NA","Saved me time","Agree","Agree","Strongly Agree","NA"
"2025/04/25 1:59:13 PM GMT+5:30","Prabuddha Sanyal","44+","Service / Cyber Security","Male","Daily","Newspaper, Television, Sicial Media","5","Strongly Agree","Not a bit of difficulty faced ","Strongly Agree","Just right","Didn't felt so","Yes","Strongly Agree","Strongly Agree","All Perspectives Rightly placed  ","Yes","Strongly Agree","Strongly Agree","Yes","Strongly Agree","Strongly Agree","Cent percent neutral system","Saved me time;Were easier to understand;Were more engaging","Strongly agree","Strongly agree","Strongly Agree","May be some more pictorial or images"
"2025/04/25 2:19:37 PM GMT+5:30","Nandini Das","25–34","Law","Female","Daily","","5","Strongly Agree","","Strongly Agree","Just right","No","Yes","Strongly Agree","Strongly Agree","No","Yes","Strongly Agree","Strongly Agree","Yes","Strongly Agree","Strongly Agree","","Saved me time;Were easier to understand;Were more engaging","Strongly agree","Strongly agree","Strongly Agree",""
"2025/04/25 5:28:31 PM GMT+5:30","Dyuti Basu ","25–34","Communications","Female","Occasionally","News websites, articles on Google and social media news sites","5","Strongly Agree","It might be better to have more recent stories towards the top since I was a bit confused as to why there was news about 2020 budget when I first saw the page and only got the full picture after scrolling down.","Strongly Agree","Just right","No. I think they had enough detail. The bullet points in the budget section also helped.","Yes","Strongly Agree","Strongly Agree","Having some kind of headline & strap at the top might help. While L1 does summarise the topic, and added visual cue at the start helps too.","Yes","Agree","Neutral","No","Neutral","Strongly Agree","There was no bias. However, a page with sources would help further with the credibility.with the  ","Saved me time;Were easier to understand","Strongly agree","Neutral","Strongly Agree",""
"2025/04/25 11:49:10 PM GMT+5:30","Anjum","25–34","Researcher","Female","Occasionally","Social media","4","Strongly Agree","Nothing ","Agree","Just right","No","Yes","Agree","Agree","No","Yes","Agree","Agree","Yes","Agree","Agree","Nothing ","Were easier to understand","Agree","Agree","Agree","Nothing "
"2025/04/26 9:51:36 AM GMT+5:30","Rashmi Adhikary Basak","25–34","Photographer","Female","Weekly","Social media, News channel","3","Neutral","No","Agree","Just right","No","Yes","Agree","Agree","No","Yes","Agree","Agree","Yes","Agree","Neutral","NA","Saved me time;Were easier to understand","Agree","Agree","Agree","Highlighted text"
"2025/04/28 9:41:38 AM GMT+5:30","Anusha Jain","35–44","IT services","Female","Weekly","YouTube, news app alerts, social media ","4","Strongly Agree","Even at L1, I found the text serious. Adding a bit of humor (without shading the facts) and images etc. can amplify the experience ","Strongly Agree","Just right","No","Yes","Neutral","Neutral","NA","Yes","Neutral","Neutral","Yes","Strongly Agree","Strongly Agree","None","Saved me time;Were easier to understand","Strongly agree","Agree","Agree","Media"